{"GeneralInfo":{"BrowserVersion":"","IsWinInetMode":false,"MaxUsedConnections":0,"RecordedBrowser":"c:\\program files (x86)\\microsoft\\edge\\application\\msedge.exe","RecordingDate":"Mar-02-2022","RecordingDuration":261718,"RecordingMode":"N/A","RecordingTimeStamp":1646198917,"RecordingType":"Application","TotalBytesReceived":0,"TotalBytesSent":0,"TotalRequests":0,"UserAgent":"Mozilla/5.0 (Windows NT 10.0; Win64; x64) AppleWebKit/537.36 (KHTML, like Gecko) Chrome/98.0.4758.102 Safari/537.36 Edg/98.0.1108.62"},"HostInfo":[{"DomainName":"microsoft.com","Domains":[{"HTTPVersion":"HTTP/1.1","IP":"204.79.197.219","IncludeInScript":false,"Name":"edge.microsoft.com","Port":443,"Requests":[{"CompressionType":"","DataType":"text/xml","DownloadTime":141,"EventId":174,"HttpStatus":200,"Size":538,"URL":"https://edge.microsoft.com/extensionwebstorebase/v1/crx?os=win&arch=x64&os_arch=x86_64&nacl_arch=x86-64&prod=edgecrx&prodchannel=&prodversion=98.0.1108.62&lang=en-US&acceptformat=crx3&x=id%3Dbiaiohdllmhjchjdhgamfmdjfhpbaohf%26v%3D2.0.0%26installedby%3Dinternal%26uc%26ping%3Dr%253D1%2526e%253D1&x=id%3Dcnlefmmeadmemmdciolhbnfeacpdfbkd%26v%3D14.1008.0%26installedby%3Dinternal%26uc%26ping%3Dr%253D1%2526e%253D1"},{"CompressionType":"gzip","DataType":"application/json","DownloadTime":328,"EventId":122,"HttpStatus":200,"Size":911,"URL":"https://edge.microsoft.com/componentupdater/api/v1/update?cup2key=5:_q8-NhBSQ6It1DEHKdxYJp_1F1t9BWqXkZUVi2S1DwA&cup2hreq=6ca064574cf88b3ff439c2d280fbb2d1d19657bc286085aea496e1e042d64708"},{"CompressionType":"","DataType":"application/x-protobuf","DownloadTime":78,"EventId":119,"HttpStatus":200,"Size":28,"URL":"https://edge.microsoft.com/extensionrevocation/v1/threatListUpdates:fetch?req=ChYKBm1zZWRnZRIMOTguMC4xMTA4LjYyGhsIARAIGg0xNjQ2MTE1NDY5NDkxIgQgASACKAQiAggB&ct=application/x-protobuf&key=d414dd4f9db345fa8003e32adc81b362"},{"CompressionType":"","DataType":"application/json","DownloadTime":93,"EventId":46,"HttpStatus":200,"Size":73651,"URL":"https://edge.microsoft.com/abusiveadblocking/api/v1/blocklist"}],"SSLCipher":"ECDHE-RSA-AES256-GCM-SHA384","SSLVersion":"TLS1.2"}],"IncludeInScript":true},{"DomainName":"bing.com","Domains":[{"HTTPVersion":"HTTP/1.1","IP":"[2620:1ec:c11::200]","IncludeInScript":false,"Name":"www.bing.com","Port":443,"Requests":[{"CompressionType":"","DataType":"application/json","DownloadTime":281,"EventId":126,"HttpStatus":200,"Size":156288,"URL":"https://www.bing.com/api/shopping/v1/getsupporteddomains?appid=67220BD2169C2EA709984467C21494086DF8CA85"}],"SSLCipher":"ECDHE-RSA-AES256-GCM-SHA384","SSLVersion":"TLS1.2"}],"IncludeInScript":true}],"WebSocket":{"IncludeInScript":false,"IsScriptIncludeWebSocket":false}}