{
  "FilterHeaders": [
    {
      "Header": "user-agent",
      "IncludeInScript": false
    },
    {
      "Header": "upgrade-insecure-requests",
      "IncludeInScript": true
    },
    {
      "Header": "sec-fetch-user",
      "IncludeInScript": true
    },
    {
      "Header": "sec-fetch-site",
      "IncludeInScript": true
    },
    {
      "Header": "sec-fetch-mode",
      "IncludeInScript": true
    },
    {
      "Header": "sec-fetch-dest",
      "IncludeInScript": true
    },
    {
      "Header": "sec-ch-ua-platform",
      "IncludeInScript": true
    },
    {
      "Header": "sec-ch-ua-mobile",
      "IncludeInScript": true
    },
    {
      "Header": "sec-ch-ua",
      "IncludeInScript": true
    },
    {
      "Header": "origin",
      "IncludeInScript": true
    },
    {
      "Header": "if-none-match",
      "IncludeInScript": false
    },
    {
      "Header": "if-modified-since",
      "IncludeInScript": false
    },
    {
      "Header": "cache-control",
      "IncludeInScript": false
    },
    {
      "Header": "accept-language",
      "IncludeInScript": false
    },
    {
      "Header": "accept-encoding",
      "IncludeInScript": false
    },
    {
      "Header": "accept",
      "IncludeInScript": false
    }
  ],
  "FilterResources": [
    {
      "IsNonResource": true,
      "type": "text/html"
    },
    {
      "IsNonResource": false,
      "type": "image/png"
    },
    {
      "IsNonResource": false,
      "type": "image/gif"
    }
  ],
  "GeneralInfo": {
    "BrowserVersion": "",
    "IsWinInetMode": false,
    "MaxUsedConnections": 11,
    "RecordedBrowser": "c:\\program files (x86)\\microsoft\\edge\\application\\msedge.exe",
    "RecordingDate": "Mar-05-2022",
    "RecordingDuration": 106390,
    "RecordingMode": "N/A",
    "RecordingTimeStamp": 1646487336,
    "RecordingType": "Application",
    "TotalBytesReceived": 35207,
    "TotalBytesSent": 24350,
    "TotalRequests": 29,
    "UserAgent": "Mozilla/5.0 (Windows NT 10.0; Win64; x64) AppleWebKit/537.36 (KHTML, like Gecko) Chrome/99.0.4844.51 Safari/537.36 Edg/99.0.1150.30"
  },
  "HostInfo": [
    {
      "DomainName": "microsoft.com",
      "Domains": [
        {
          "HTTPVersion": "HTTP/1.1",
          "IP": "204.79.197.219",
          "IncludeInScript": false,
          "Name": "edge.microsoft.com",
          "Port": 443,
          "Requests": [
            {
              "CompressionType": "",
              "DataType": "text/plain",
              "DownloadTime": 204,
              "EventId": 3900,
              "HttpStatus": 200,
              "Size": 124,
              "URL": "https://edge.microsoft.com/autofillservice/v1/pages/ChNDaHJvbWUvOTkuMC40ODQ0LjUxEjoJa8f2P2o9fOASBQ1raJpuEgUNT54n-BIFDWOTJ4cSBQ2iWbhJEgUN-LT-oBIFDVdoLJkSBQ1t-mbJ?alt=proto"
            },
            {
              "CompressionType": "gzip",
              "DataType": "application/json",
              "DownloadTime": 250,
              "EventId": 3871,
              "HttpStatus": 200,
              "Size": 515,
              "URL": "https://edge.microsoft.com/componentupdater/api/v1/update?cup2key=5:LDu_L8lnf___xtmLKBjIlJjc2JU5I07_-NtSlee42L4&cup2hreq=5bc7e8878ac31e496fe16a4895683c535dba8a923c29a5fb55567683f22bc4c5"
            },
            {
              "CompressionType": "",
              "DataType": "text/plain",
              "DownloadTime": 266,
              "EventId": 3865,
              "HttpStatus": 200,
              "Size": 92,
              "URL": "https://edge.microsoft.com/autofillservice/v1/pages/ChNDaHJvbWUvOTkuMC40ODQ0LjUxEiwJ6wgdHTVr9n8SBQ1UYimtEgUNe53EpRIFDR87OYUSBQ3ahZlhEgUNqY5KvQ==?alt=proto"
            },
            {
              "CompressionType": "",
              "DataType": "text/xml",
              "DownloadTime": 156,
              "EventId": 3685,
              "HttpStatus": 200,
              "Size": 413,
              "URL": "https://edge.microsoft.com/extensionwebstorebase/v1/crx?os=win&arch=x64&os_arch=x86_64&nacl_arch=x86-64&prod=edgecrx&prodchannel=&prodversion=99.0.1150.30&lang=en-US&acceptformat=crx3&x=id%3Dcnlefmmeadmemmdciolhbnfeacpdfbkd%26v%3D14.1009.0%26installedby%3Dinternal%26uc"
            },
            {
              "CompressionType": "",
              "DataType": "text/plain",
              "DownloadTime": 172,
              "EventId": 3630,
              "HttpStatus": 200,
              "Size": 40,
              "URL": "https://edge.microsoft.com/autofillservice/v1/pages/ChNDaHJvbWUvOTkuMC40ODQ0LjUxEhcJN9lB4I9-MYkSBQ3njUAOEgUNzkFMeg==?alt=proto"
            },
            {
              "CompressionType": "",
              "DataType": "text/xml",
              "DownloadTime": 203,
              "EventId": 3497,
              "HttpStatus": 200,
              "Size": 538,
              "URL": "https://edge.microsoft.com/extensionwebstorebase/v1/crx?os=win&arch=x64&os_arch=x86_64&nacl_arch=x86-64&prod=edgecrx&prodchannel=&prodversion=99.0.1150.30&lang=en-US&acceptformat=crx3&x=id%3Dbiaiohdllmhjchjdhgamfmdjfhpbaohf%26v%3D2.0.0%26installedby%3Dinternal%26uc&x=id%3Dcnlefmmeadmemmdciolhbnfeacpdfbkd%26v%3D14.1009.0%26installedby%3Dinternal%26uc"
            },
            {
              "CompressionType": "",
              "DataType": "application/json",
              "DownloadTime": 125,
              "EventId": 3491,
              "HttpStatus": 200,
              "Size": 73664,
              "URL": "https://edge.microsoft.com/abusiveadblocking/api/v1/blocklist"
            }
          ],
          "SSLCipher": "",
          "SSLVersion": ""
        }
      ],
      "IncludeInScript": true
    },
    {
      "DomainName": "grammarly.io",
      "Domains": [
        {
          "HTTPVersion": "HTTP/1.1",
          "IP": "44.194.199.121",
          "IncludeInScript": false,
          "Name": "f-log-extension.grammarly.io",
          "Port": 443,
          "Requests": [
            {
              "CompressionType": "",
              "DataType": "",
              "DownloadTime": 563,
              "EventId": 3560,
              "HttpStatus": 200,
              "Size": 0,
              "URL": "https://f-log-extension.grammarly.io/logv2"
            },
            {
              "CompressionType": "",
              "DataType": "",
              "DownloadTime": 562,
              "EventId": 3556,
              "HttpStatus": 200,
              "Size": 0,
              "URL": "https://f-log-extension.grammarly.io/logv2"
            }
          ],
          "SSLCipher": "ECDHE-RSA-AES128-GCM-SHA256",
          "SSLVersion": "TLS1.2"
        }
      ],
      "IncludeInScript": true
    },
    {
      "DomainName": "grammarly.com",
      "Domains": [
        {
          "HTTPVersion": "HTTP/1.1",
          "IP": "67.202.31.193",
          "IncludeInScript": false,
          "Name": "treatment.grammarly.com",
          "Port": 443,
          "Requests": [
            {
              "CompressionType": "gzip",
              "DataType": "application/json",
              "DownloadTime": 688,
              "EventId": 3570,
              "HttpStatus": 200,
              "Size": 22,
              "URL": "https://treatment.grammarly.com/treatment/get"
            }
          ],
          "SSLCipher": "ECDHE-RSA-AES128-GCM-SHA256",
          "SSLVersion": "TLS1.2"
        },
        {
          "HTTPVersion": "HTTP/1.1",
          "IP": "23.20.250.161",
          "IncludeInScript": false,
          "Name": "gnar.grammarly.com",
          "Port": 443,
          "Requests": [
            {
              "CompressionType": "",
              "DataType": "",
              "DownloadTime": 609,
              "EventId": 3706,
              "HttpStatus": 200,
              "Size": 0,
              "URL": "https://gnar.grammarly.com/events"
            }
          ],
          "SSLCipher": "ECDHE-RSA-AES128-GCM-SHA256",
          "SSLVersion": "TLS1.2"
        },
        {
          "HTTPVersion": "HTTP/1.1",
          "IP": "54.166.66.165",
          "IncludeInScript": false,
          "Name": "gates.grammarly.com",
          "Port": 443,
          "Requests": [
            {
              "CompressionType": "gzip",
              "DataType": "application/json",
              "DownloadTime": 609,
              "EventId": 3574,
              "HttpStatus": 200,
              "Size": 22,
              "URL": "https://gates.grammarly.com/gates/get"
            }
          ],
          "SSLCipher": "ECDHE-RSA-AES128-GCM-SHA256",
          "SSLVersion": "TLS1.2"
        },
        {
          "HTTPVersion": "HTTP/1.1",
          "IP": "54.83.30.60",
          "IncludeInScript": false,
          "Name": "data.grammarly.com",
          "Port": 443,
          "Requests": [
            {
              "CompressionType": "",
              "DataType": "application/json",
              "DownloadTime": 484,
              "EventId": 3779,
              "HttpStatus": 200,
              "Size": 2,
              "URL": "https://data.grammarly.com/api/props/v2/showDesktopIntegrationExtensionToggle"
            },
            {
              "CompressionType": "",
              "DataType": "application/json",
              "DownloadTime": 297,
              "EventId": 3777,
              "HttpStatus": 200,
              "Size": 2,
              "URL": "https://data.grammarly.com/api/props/v2/isLlamaInstalled"
            },
            {
              "CompressionType": "",
              "DataType": "application/json",
              "DownloadTime": 562,
              "EventId": 3775,
              "HttpStatus": 200,
              "Size": 1610,
              "URL": "https://data.grammarly.com/api/props/v2/find"
            },
            {
              "CompressionType": "",
              "DataType": "application/json",
              "DownloadTime": 953,
              "EventId": 3773,
              "HttpStatus": 200,
              "Size": 2325,
              "URL": "https://data.grammarly.com/api/mimic"
            }
          ],
          "SSLCipher": "ECDHE-RSA-AES128-GCM-SHA256",
          "SSLVersion": "TLS1.2"
        },
        {
          "HTTPVersion": "HTTP/1.1",
          "IP": "34.196.41.213",
          "IncludeInScript": false,
          "Name": "auth.grammarly.com",
          "Port": 443,
          "Requests": [
            {
              "CompressionType": "",
              "DataType": "application/json",
              "DownloadTime": 312,
              "EventId": 3751,
              "HttpStatus": 200,
              "Size": 1106,
              "URL": "https://auth.grammarly.com/v3/user/oranonymous?field=frontend_primaryLanguage&field=frontend_soundFluent&field=frontend_role&containerId=iDmATwwlc8M4"
            }
          ],
          "SSLCipher": "ECDHE-RSA-AES128-GCM-SHA256",
          "SSLVersion": "TLS1.2"
        }
      ],
      "IncludeInScript": true
    },
    {
      "DomainName": "cloudfront.net",
      "Domains": [
        {
          "HTTPVersion": "HTTP/1.1",
          "IP": "13.35.238.213",
          "IncludeInScript": false,
          "Name": "d27xxe7juh1us6.cloudfront.net",
          "Port": 443,
          "Requests": [
            {
              "CompressionType": "",
              "DataType": "",
              "DownloadTime": 219,
              "EventId": 3644,
              "HttpStatus": 304,
              "Size": 0,
              "URL": "https://d27xxe7juh1us6.cloudfront.net/dynamicConfig.json"
            },
            {
              "CompressionType": "",
              "DataType": "",
              "DownloadTime": 62,
              "EventId": 3602,
              "HttpStatus": 304,
              "Size": 0,
              "URL": "https://d27xxe7juh1us6.cloudfront.net/dynamicConfig.json"
            }
          ],
          "SSLCipher": "TLS_AES_128_GCM_SHA256",
          "SSLVersion": "TLS1.3"
        }
      ],
      "IncludeInScript": true
    },
    {
      "DomainName": "bing.com",
      "Domains": [
        {
          "HTTPVersion": "HTTP/1.1",
          "IP": "[2620:1ec:c11::200]",
          "IncludeInScript": false,
          "Name": "www.bing.com",
          "Port": 443,
          "Requests": [
            {
              "CompressionType": "",
              "DataType": "application/json",
              "DownloadTime": 265,
              "EventId": 3693,
              "HttpStatus": 200,
              "Size": 159944,
              "URL": "https://www.bing.com/api/shopping/v1/getsupporteddomains?appid=67220BD2169C2EA709984467C21494086DF8CA85"
            },
            {
              "CompressionType": "",
              "DataType": "application/json",
              "DownloadTime": 234,
              "EventId": 3505,
              "HttpStatus": 200,
              "Size": 159944,
              "URL": "https://www.bing.com/api/shopping/v1/getsupporteddomains?appid=67220BD2169C2EA709984467C21494086DF8CA85"
            }
          ],
          "SSLCipher": "ECDHE-RSA-AES256-GCM-SHA384",
          "SSLVersion": "TLS1.2"
        }
      ],
      "IncludeInScript": true
    },
    {
      "DomainName": "127.0.0.1",
      "Domains": [
        {
          "HTTPVersion": "HTTP/1.1",
          "IP": "127.0.0.1",
          "IncludeInScript": true,
          "Name": "127.0.0.1",
          "Port": 1080,
          "Requests": [
            {
              "CompressionType": "",
              "DataType": "",
              "DownloadTime": 0,
              "EventId": 3926,
              "HttpStatus": 304,
              "Size": 0,
              "URL": "http://127.0.0.1:1080/WebTours/home.html"
            },
            {
              "CompressionType": "",
              "DataType": "text/html",
              "DownloadTime": 94,
              "EventId": 3923,
              "HttpStatus": 200,
              "Size": 1486,
              "URL": "http://127.0.0.1:1080/cgi-bin/nav.pl?in=home"
            },
            {
              "CompressionType": "",
              "DataType": "text/html",
              "DownloadTime": 63,
              "EventId": 3915,
              "HttpStatus": 200,
              "Size": 686,
              "URL": "http://127.0.0.1:1080/cgi-bin/welcome.pl?signOff=1"
            },
            {
              "CompressionType": "",
              "DataType": "image/gif",
              "DownloadTime": 63,
              "EventId": 3909,
              "HttpStatus": 200,
              "Size": 806,
              "URL": "http://127.0.0.1:1080/WebTours/images/bookanother.gif"
            },
            {
              "CompressionType": "",
              "DataType": "text/html",
              "DownloadTime": 141,
              "EventId": 3905,
              "HttpStatus": 200,
              "Size": 2474,
              "URL": "http://127.0.0.1:1080/cgi-bin/reservations.pl"
            },
            {
              "CompressionType": "",
              "DataType": "text/html",
              "DownloadTime": 125,
              "EventId": 3888,
              "HttpStatus": 200,
              "Size": 2739,
              "URL": "http://127.0.0.1:1080/cgi-bin/reservations.pl"
            },
            {
              "CompressionType": "",
              "DataType": "text/html",
              "DownloadTime": 78,
              "EventId": 3880,
              "HttpStatus": 200,
              "Size": 2440,
              "URL": "http://127.0.0.1:1080/cgi-bin/reservations.pl"
            },
            {
              "CompressionType": "",
              "DataType": "image/gif",
              "DownloadTime": 31,
              "EventId": 3845,
              "HttpStatus": 200,
              "Size": 758,
              "URL": "http://127.0.0.1:1080/WebTours/images/button_next.gif"
            },
            {
              "CompressionType": "",
              "DataType": "image/gif",
              "DownloadTime": 62,
              "EventId": 3842,
              "HttpStatus": 200,
              "Size": 726,
              "URL": "http://127.0.0.1:1080/WebTours/images/in_flights.gif"
            },
            {
              "CompressionType": "",
              "DataType": "text/html",
              "DownloadTime": 172,
              "EventId": 3839,
              "HttpStatus": 200,
              "Size": 4246,
              "URL": "http://127.0.0.1:1080/cgi-bin/reservations.pl?page=welcome"
            },
            {
              "CompressionType": "",
              "DataType": "image/gif",
              "DownloadTime": 0,
              "EventId": 3836,
              "HttpStatus": 200,
              "Size": 688,
              "URL": "http://127.0.0.1:1080/WebTours/images/home.gif"
            },
            {
              "CompressionType": "",
              "DataType": "text/html",
              "DownloadTime": 125,
              "EventId": 3832,
              "HttpStatus": 200,
              "Size": 1482,
              "URL": "http://127.0.0.1:1080/cgi-bin/nav.pl?page=menu&in=flights"
            },
            {
              "CompressionType": "",
              "DataType": "text/html",
              "DownloadTime": 62,
              "EventId": 3825,
              "HttpStatus": 200,
              "Size": 616,
              "URL": "http://127.0.0.1:1080/cgi-bin/welcome.pl?page=search"
            },
            {
              "CompressionType": "",
              "DataType": "image/gif",
              "DownloadTime": 47,
              "EventId": 3813,
              "HttpStatus": 200,
              "Size": 751,
              "URL": "http://127.0.0.1:1080/WebTours/images/signoff.gif"
            },
            {
              "CompressionType": "",
              "DataType": "image/gif",
              "DownloadTime": 32,
              "EventId": 3811,
              "HttpStatus": 200,
              "Size": 688,
              "URL": "http://127.0.0.1:1080/WebTours/images/in_home.gif"
            },
            {
              "CompressionType": "",
              "DataType": "image/gif",
              "DownloadTime": 47,
              "EventId": 3809,
              "HttpStatus": 200,
              "Size": 726,
              "URL": "http://127.0.0.1:1080/WebTours/images/flights.gif"
            },
            {
              "CompressionType": "",
              "DataType": "text/html",
              "DownloadTime": 172,
              "EventId": 3801,
              "HttpStatus": 200,
              "Size": 918,
              "URL": "http://127.0.0.1:1080/cgi-bin/login.pl?intro=true"
            },
            {
              "CompressionType": "",
              "DataType": "image/gif",
              "DownloadTime": 0,
              "EventId": 3799,
              "HttpStatus": 200,
              "Size": 733,
              "URL": "http://127.0.0.1:1080/WebTours/images/itinerary.gif"
            },
            {
              "CompressionType": "",
              "DataType": "text/html",
              "DownloadTime": 125,
              "EventId": 3794,
              "HttpStatus": 200,
              "Size": 1482,
              "URL": "http://127.0.0.1:1080/cgi-bin/nav.pl?page=menu&in=home"
            },
            {
              "CompressionType": "",
              "DataType": "text/html",
              "DownloadTime": 109,
              "EventId": 3783,
              "HttpStatus": 200,
              "Size": 481,
              "URL": "http://127.0.0.1:1080/cgi-bin/login.pl"
            },
            {
              "CompressionType": "",
              "DataType": "text/html",
              "DownloadTime": 31,
              "EventId": 3599,
              "HttpStatus": 404,
              "Size": 209,
              "URL": "http://127.0.0.1:1080/favicon.ico"
            },
            {
              "CompressionType": "",
              "DataType": "image/gif",
              "DownloadTime": 31,
              "EventId": 3591,
              "HttpStatus": 200,
              "Size": 679,
              "URL": "http://127.0.0.1:1080/WebTours/images/mer_login.gif"
            },
            {
              "CompressionType": "",
              "DataType": "text/html",
              "DownloadTime": 2031,
              "EventId": 3588,
              "HttpStatus": 200,
              "Size": 1482,
              "URL": "http://127.0.0.1:1080/cgi-bin/nav.pl?in=home"
            },
            {
              "CompressionType": "",
              "DataType": "text/html",
              "DownloadTime": 47,
              "EventId": 3565,
              "HttpStatus": 200,
              "Size": 1361,
              "URL": "http://127.0.0.1:1080/WebTours/home.html"
            },
            {
              "CompressionType": "",
              "DataType": "text/html",
              "DownloadTime": 640,
              "EventId": 3562,
              "HttpStatus": 200,
              "Size": 686,
              "URL": "http://127.0.0.1:1080/cgi-bin/welcome.pl?signOff=true"
            },
            {
              "CompressionType": "",
              "DataType": "image/png",
              "DownloadTime": 16,
              "EventId": 3543,
              "HttpStatus": 200,
              "Size": 4187,
              "URL": "http://127.0.0.1:1080/WebTours/images/webtours.png"
            },
            {
              "CompressionType": "",
              "DataType": "image/png",
              "DownloadTime": 16,
              "EventId": 3539,
              "HttpStatus": 200,
              "Size": 601,
              "URL": "http://127.0.0.1:1080/WebTours/images/hp_logo.png"
            },
            {
              "CompressionType": "",
              "DataType": "text/html",
              "DownloadTime": 0,
              "EventId": 3499,
              "HttpStatus": 200,
              "Size": 710,
              "URL": "http://127.0.0.1:1080/WebTours/header.html"
            },
            {
              "CompressionType": "",
              "DataType": "text/html",
              "DownloadTime": 32,
              "EventId": 3475,
              "HttpStatus": 200,
              "Size": 366,
              "URL": "http://127.0.0.1:1080/WebTours/"
            }
          ],
          "SSLCipher": "None",
          "SSLVersion": "None"
        }
      ],
      "IncludeInScript": true
    }
  ],
  "WebSocket": {
    "IncludeInScript": false,
    "IsScriptIncludeWebSocket": false
  },
  "NumberOfCorrelations": 0
}